{"cameraMode":{"drawMode":0,"name":"Shaded","section":"Shading Mode"},"sceneLighting":false,"audioPlay":false,"sceneViewState":{"m_AlwaysRefresh":false,"showFog":true,"showSkybox":false,"showFlares":true,"showImageEffects":true,"showParticleSystems":true,"showVisualEffectGraphs":true,"m_FxEnabled":true},"in2DMode":false,"pivot":{"x":960.2357788085938,"y":540.3998413085938,"z":-4.205592155456543},"rotation":{"x":0.04721628874540329,"y":-0.02083059772849083,"z":0.0011119346600025893,"w":0.9987918138504028},"size":0.1767766922712326,"orthographic":false}