{"cameraMode":{"drawMode":0,"name":"Shaded","section":"Shading Mode"},"sceneLighting":false,"audioPlay":false,"sceneViewState":{"m_AlwaysRefresh":false,"showFog":true,"showSkybox":false,"showFlares":true,"showImageEffects":true,"showParticleSystems":true,"showVisualEffectGraphs":true,"m_FxEnabled":true},"in2DMode":false,"pivot":{"x":-5.373257160186768,"y":0.49532416462898257,"z":-2.9373929500579836},"rotation":{"x":0.09176242351531983,"y":0.08883991092443466,"z":0.008343180641531945,"w":-0.9919379949569702},"size":1.1619360446929932,"orthographic":false}