{"cameraMode":{"drawMode":0,"name":"Shaded","section":"Shading Mode"},"sceneLighting":false,"audioPlay":false,"sceneViewState":{"m_AlwaysRefresh":false,"showFog":true,"showSkybox":true,"showFlares":true,"showImageEffects":true,"showParticleSystems":true,"showVisualEffectGraphs":true,"m_FxEnabled":true},"in2DMode":false,"pivot":{"x":-2.026501178741455,"y":-32.69886016845703,"z":129.82391357421876},"rotation":{"x":0.12299886345863342,"y":0.0029741935431957247,"z":-0.00036198808811604977,"w":0.9924160838127136},"size":70.71067810058594,"orthographic":false}