{"cameraMode":{"drawMode":0,"name":"Shaded","section":"Shading Mode"},"sceneLighting":false,"audioPlay":false,"sceneViewState":{"m_AlwaysRefresh":false,"showFog":true,"showSkybox":true,"showFlares":true,"showImageEffects":true,"showParticleSystems":true,"showVisualEffectGraphs":true,"m_FxEnabled":true},"in2DMode":false,"pivot":{"x":-0.8620232343673706,"y":0.6734002828598023,"z":-5.332766532897949},"rotation":{"x":-0.04572390392422676,"y":-0.017138924449682237,"z":0.0010363758774474264,"w":-0.9989829659461975},"size":1.1333582401275635,"orthographic":false}