{"cameraMode":{"drawMode":0,"name":"Shaded","section":"Shading Mode"},"sceneLighting":false,"audioPlay":false,"sceneViewState":{"m_AlwaysRefresh":false,"showFog":true,"showSkybox":true,"showFlares":true,"showImageEffects":true,"showParticleSystems":true,"showVisualEffectGraphs":true,"m_FxEnabled":true},"in2DMode":false,"pivot":{"x":-0.32103925943374636,"y":0.14933693408966065,"z":8.2680025100708},"rotation":{"x":-0.012731590308248997,"y":-0.0381561815738678,"z":0.0005725886439904571,"w":-0.999342679977417},"size":8.200704574584961,"orthographic":false}