{"cameraMode":{"drawMode":0,"name":"Shaded","section":"Shading Mode"},"sceneLighting":false,"audioPlay":false,"sceneViewState":{"m_AlwaysRefresh":false,"showFog":true,"showSkybox":false,"showFlares":true,"showImageEffects":true,"showParticleSystems":true,"showVisualEffectGraphs":true,"m_FxEnabled":true},"in2DMode":false,"pivot":{"x":-0.14042216539382935,"y":0.46918433904647829,"z":-0.35518860816955569},"rotation":{"x":0.03330305963754654,"y":0.007491959724575281,"z":-0.0002518836408853531,"w":0.9994348287582398},"size":0.7666707634925842,"orthographic":false}