{"cameraMode":{"drawMode":0,"name":"Shaded","section":"Shading Mode"},"sceneLighting":false,"audioPlay":false,"sceneViewState":{"m_AlwaysRefresh":false,"showFog":true,"showSkybox":false,"showFlares":true,"showImageEffects":true,"showParticleSystems":true,"showVisualEffectGraphs":true,"m_FxEnabled":true},"in2DMode":false,"pivot":{"x":966.1957397460938,"y":540.1600341796875,"z":-0.014980006963014603},"rotation":{"x":-0.017215263098478318,"y":-0.05462006479501724,"z":0.0009550377144478262,"w":-0.9983952045440674},"size":1.0045675039291382,"orthographic":false}